Course,Title,Instructor
ADMJ 29,"Ethnic Studies, Cultural Pluralism, and American Law and Justice",Meghan Kensler
AFAM 10,An Introduction to African American Studies,Julie Keiffer-Lewis
AFAM 10,An Introduction to African American Studies,Shanita Ealey
AFAM 12A,African American History to 1865,Julie Keiffer-Lewis
ANTH 1,Physical Anthropology,Ameeta Tiwana
ANTH 1,Physical Anthropology,"FELDMAN, AMANDA"
ANTH 1,Physical Anthropology,Elisabeth-Anne Mabie
ANTH 1,Physical Anthropology,Emily Beggs
ANTH 1,Physical Anthropology,Leslie Berry
ANTH 1,Physical Anthropology,Julie Hui
ANTH 1L,Physical Anthropology Laboratory,Emily Beggs
ANTH 1L,Physical Anthropology Laboratory,Elisabeth-Anne Mabie
ANTH 1L,Physical Anthropology Laboratory,Ameeta Tiwana
ANTH 2,Cultural Anthropology,Daniel Solomon
ANTH 2,Cultural Anthropology,Angel Roque
ANTH 2,Cultural Anthropology,Ashidhara Das
ANTH 2,Cultural Anthropology,Alicia Hedges
ANTH 2,Cultural Anthropology,Mayra Cerda Aguilar
ANTH 3,Introduction to Archaeology,Alicia Hedges
ANTH 4,World Prehistory,Nancy Olsen
ANTH 5,"Magic, Science and Religion",Daniel Solomon
ANTH 6,Linguistic Anthropology,Ashidhara Das
ANTH 7,Introduction to Forensic Anthropology,Elisabeth-Anne Mabie
ARTS 1A,Introduction to the Visual Arts,Elizabeth Mjelde
ARTS 1A,Introduction to the Visual Arts,Paul Roehl
ARTS 1A,Introduction to the Visual Arts,Yael Karmi
ARTS 1A,Introduction to the Visual Arts,Deborah Pasturel
ARTS 2A,History of Art: Europe from Prehistory through Early Christianity,Deborah Pasturel
ARTS 2B,History of Art: Europe During the Middle Ages and the Renaissance,Linda Becerril
ARTS 2C,History of Art: Europe from the Baroque Period Through Impressionism,Elizabeth Mjelde
ARTS 2D,History of Art: Europe and the United States from Post-Impressionism to the Present,Linda Becerril
ARTS 2F,History of Art (Multicultural Arts in the United States),Catie Cadge-Moore
ARTS 2G,History of Art: Arts of Asia,So Kam Lee
ARTS 2J,"History of Art: Arts of Africa, Oceania and Native North America",Catie Cadge-Moore
ARTS 3TC,Women and Art,Natasha Kleit
ASAM 1,Asian American Experiences Past to Present,Wayne Jopanda
ASAM 1,Asian American Experiences Past to Present,Mae Lee
ASAM 11,Asian Americans and Racism,Mae Lee
ASAM 20,Asian Pacific American Literature,Francesca Caparas
ASAM 40,History of Art: Arts of Asia,So Kam Lee
ASAM 41,Introduction to Korean Popular Culture,Young Jung
ASTR 4,Solar System Astronomy,Rachel Mastrapa
ASTR 4,Solar System Astronomy,Srikar Srinath
ASTR 4,Solar System Astronomy,Caitlin Marie Kepple
ASTR 4,Solar System Astronomy,Marek Cichanski
ASTR 4,Solar System Astronomy,Eric Peterson
ASTR 10,Stellar Astronomy,Caitlin Marie Kepple
ASTR 10,Stellar Astronomy,Eric Peterson
BIOL 6A,Form and Function in the Biological World,Simon Kang'a
BIOL 6A,Form and Function in the Biological World,Bruce Heyer
BIOL 6A,Form and Function in the Biological World,Elizabeth Mcpartlan
BIOL 6A,Form and Function in the Biological World,Lianna Wong
BIOL 10,Introductory Biology,Judy Cuff-Alvarado
BIOL 10,Introductory Biology,Elizabeth Mcpartlan
BIOL 10,Introductory Biology,Jason Bram
BIOL 11,Human Biology,Ebenezer Morikang
BIOL 11,Human Biology,Simon Kang'a
BIOL 13,Marine Biology,Jason Bram
BIOL 26,Introductory Microbiology,Elsa Jimenez-Samayoa
BIOL 26,Introductory Microbiology,Ann Daniel
BIOL 40C,Human Anatomy and Physiology,Eric Pane
BUS 21,Business and Society,Byron Lilly
BUS 54,Business Mathematics,Sandra Spencer
BUS 56,Human Relations in the Workplace,Lale Yurtseven
CD 10G,Child Development (The Early Years),Jayanti Roy
CD 10G,Child Development (The Early Years),"SUN, LI WEI"
CD 10G,Child Development (The Early Years),Shelley Gonzales
CD 10G,Child Development (The Early Years),Cristina Leal
CD 10H,Child Growth and Development (Middle Childhood and Adolescence),Jila Maleksalehi
CD 10H,Child Growth and Development (Middle Childhood and Adolescence),Julie Kennedy
CD 12,"Child, Family and Community Interrelationships",Nellie Vargas
CD 12,"Child, Family and Community Interrelationships","SUN, LI WEI"
CD 64,"Health, Safety, and Nutrition for the Young Child",Richard Zalman
CETH 8,Women of Color in the USA,Marc Coronado
CETH 10,"Race, Ethnicity and Inequality",Mae Lee
CETH 13,History of Art (Multicultural Arts in the United States),Catie Cadge-Moore
CETH 29,"Ethnic Studies, Cultural Pluralism, and American Law and Justice",Meghan Kensler
CHEM 1A,General Chemistry,Cinzia Muzzi
CHEM 1A,General Chemistry,David Gray
CHEM 1A,General Chemistry,Christopher Deming
CHEM 1A,General Chemistry,Semere Bairu
CHEM 1B,General Chemistry,Megan Brophy
CHEM 1B,General Chemistry,Josh Visser
CHEM 1C,General Chemistry and Qualitative Analysis,Michael Lane
CHEM 10,Introductory Chemistry,"LAK, PARNIAN"
CHEM 10,Introductory Chemistry,James Maxwell
CHEM 25,Preparation Course for General Chemistry,Margarete Leclerc
CHEM 25,Preparation Course for General Chemistry,Cinzia Muzzi
CHEM 25,Preparation Course for General Chemistry,"WILCOX, ALLAN"
CHEM 25,Preparation Course for General Chemistry,Xiao Wang
CHEM 30A,"Introduction to General, Organic and Biochemistry I",Brendan Mar
CHEM 30A,"Introduction to General, Organic and Biochemistry I","ERMUT, GORKEM"
CHEM 30B,"Introduction to General, Organic and Biochemistry II",Megan Brophy
CHLX 10,Introduction to Chicanx and Latinx Studies,Felipe Ponce
CHLX 10,Introduction to Chicanx and Latinx Studies,Robert Unzueta
CHLX 13,The Chicanx and Latinx and the Arts,Angelina Loyola
CIS 2,Computers and the Internet in Society,Valerie Taylor
CLP 7,Self-Assessment,Herminio Hernando
CLP 7,Self-Assessment,Robert Alexander
CLP 7,Self-Assessment,Pauline Wethington
COMM 1,Public Speaking,Joel Sakakihara
COMM 1,Public Speaking,Royce Cano
COMM 1,Public Speaking,Shagundeep Kaur
COMM 1,Public Speaking,Kathleen Raiff
COMM 1,Public Speaking,Alex Kramer
COMM 1,Public Speaking,James Ahern
COMM 1,Public Speaking,Thalia Bobadilla
COMM 1,Public Speaking,Scott Koppel
COMM 1,Public Speaking,Russell Hong
COMM 1,Public Speaking,Stephanie Anderson
COMM 1,Public Speaking,David Hamilton
COMM 1,Public Speaking,Peter Lee
COMM 1,Public Speaking,Morgan McKnight
COMM 1,Public Speaking,Karl Isacson
COMM 1,Public Speaking,Stephen Hinerman
COMM 1,Public Speaking,Nick Chivers
COMM 1,Public Speaking,Roxanne Cnudde
COMM 1,Public Speaking,Tina Lim
COMM 7,Intercultural Communication,Nick Chivers
COMM 7,Intercultural Communication,Thalia Bobadilla
COMM 8,Argumentation and Critical Inquiry in Oral Communication,Alex Kramer
COMM 9,Argumentation: Analysis of Oral and Written Communication,Brandon Gainer
COMM 10,Fundamentals of Oral Communication,Russell Hong
COMM 10,Fundamentals of Oral Communication,Lucas Wang
COMM 10,Fundamentals of Oral Communication,Thalia Bobadilla
COMM 10,Fundamentals of Oral Communication,Morgan McKnight
COMM 10,Fundamentals of Oral Communication,David Hamilton
COMM 10,Fundamentals of Oral Communication,Patrick McDonnell
COMM 10,Fundamentals of Oral Communication,Anya Iyengar
COMM 10,Fundamentals of Oral Communication,Stephanie Anderson
COMM 15,Critical Decision-Making in Groups,Stephanie Anderson
COMM 15,Critical Decision-Making in Groups,Brandon Gainer
COMM 16,Interpersonal Communication,Nick Chivers
COMM 70,Organizational Communication,Shagundeep Kaur
DANC 22,Body Awareness and Conditioning for Dancers,Janet Shaw
DANC 22K,Theory and Technique of Ballet I,Janet Shaw
DANC 22L,Theory and Technique of Ballet II,Janet Shaw
DANC 22M,Theory and Technique of Ballet III,Janet Shaw
DANC 38A,Appreciation of Dance,Warren Lucas
DANC 38A,Appreciation of Dance,Vernon Gallegos
ECON 1,Principles of Macroeconomics,Ravjeet Singh
ECON 1,Principles of Macroeconomics,John Brady
ECON 1,Principles of Macroeconomics,Ninos Malek
ECON 1,Principles of Macroeconomics,Monika Thomas
ECON 1,Principles of Macroeconomics,Stephen Blohm
ECON 1,Principles of Macroeconomics,Manisha Perera
ECON 1,Principles of Macroeconomics,Stephen Zill
ECON 1,Principles of Macroeconomics,Don Uy-Barreta
ECON 1H,Principles of Macroeconomics - HONORS,Ravjeet Singh
ECON 1H,Principles of Macroeconomics - HONORS,Stephen Zill
ECON 2,Principles of Microeconomics,Stephen Zill
ECON 2,Principles of Microeconomics,Monika Thomas
ECON 2,Principles of Microeconomics,Ninos Malek
ECON 2,Principles of Microeconomics,Abdullahi Koshin
ECON 2,Principles of Microeconomics,Ravjeet Singh
ECON 2,Principles of Microeconomics,Don Uy-Barreta
ECON 2,Principles of Microeconomics,Manisha Perera
ECON 2,Principles of Microeconomics,Triyakshana Seshadri
ECON 2,Principles of Microeconomics,Stephen Blohm
ECON 2H,Principles of Microeconomics - HONORS,Stephen Zill
ECON 2H,Principles of Microeconomics - HONORS,Ravjeet Singh
ECON 3,Environmental Economics,Monika Thomas
ECON 5,Behavioral Economics,Triyakshana Seshadri
EDUC 46,Mathematics for Elementary Education,Reza Shariatmadari
ELIT 10,Introduction to Fiction,Julie Sartwell
ELIT 10,Introduction to Fiction,Deborah Garfinkle
ELIT 11,Introduction to Poetry,Veronica Acevedo Avila
ELIT 17,Introduction to Shakespeare,Julie Pesano
ELIT 17H,Introduction to Shakespeare - HONORS,Julie Pesano
ELIT 21,Women in Literature,Francesca Caparas
ELIT 22,Mythology and Folklore,Adam Sandel
ELIT 24,Asian Pacific American Literature,Francesca Caparas
ELIT 39,Contemporary Literature,Kim Palmore
ELIT 46C,Major British Writers (Victorian and Modern),Tim Shively
ELIT 48A,"Major American Writers (Colonial to Romantic, 1620-1865)",Brian Malone
ES 1,Introduction to Environmental Studies,Alicia De Toro
ES 1,Introduction to Environmental Studies,William Roeder
ES 1,Introduction to Environmental Studies,Joshua McCluskey
ES 2,Introduction to Sustainability,Alicia De Toro
ES 3,Imagery of the Environment,Lynn Thorensen
ES 4,"Energy, the Environment, and Society",William Roeder
ES 50,Introduction to Environmental Resource Management and Pollution Prevention,Jeff Staudinger
ESCI 1,Environmental Science,Alicia De Toro
ESCI 1,Environmental Science,Helian Ratsirarson
ESCI 1,Environmental Science,Ryan Phillips
ESCI 1,Environmental Science,Mary Poffenroth
ESCI 1,Environmental Science,Jana Sanders
ESCI 1L,Environmental Science Laboratory,Joshua McCluskey
ESCI 1L,Environmental Science Laboratory,Alicia De Toro
ESCI 19,Environmental Biology,Gayatri Pal
ESL 5,Advanced Composition and Reading,Katelyn Endow
ESL 5,Advanced Composition and Reading,Kathleen Haven
ESL 5,Advanced Composition and Reading,Iva Tracey
ESL 5,Advanced Composition and Reading,Maria Marin
EWRT 1A,Composition and Reading,Jesus Quintero
EWRT 1A,Composition and Reading,Francesca Caparas
EWRT 1A,Composition and Reading,John Swensson
EWRT 1A,Composition and Reading,Julie Wilson
EWRT 1A,Composition and Reading,Sergio Rizzo
EWRT 1A,Composition and Reading,Sherwin Mendoza
EWRT 1A,Composition and Reading,Anne Marie Waldsmith
EWRT 1A,Composition and Reading,Anne Argyriou
EWRT 1A,Composition and Reading,Kim Palmore
EWRT 1A,Composition and Reading,Maryalice Bonilla
EWRT 1A,Composition and Reading,Lydia Hearn
EWRT 1A,Composition and Reading,Vivian Bejarin
EWRT 1A,Composition and Reading,Brian Malone
EWRT 1A,Composition and Reading,Margaret Hanzimanolis
EWRT 1A,Composition and Reading,Alexis Cattivera
EWRT 1A,Composition and Reading,Rebecca Board Liljenstolpe
EWRT 1A,Composition and Reading,Veronica Acevedo Avila
EWRT 1A,Composition and Reading,Nga Huynh
EWRT 1A,Composition and Reading,Randie Wann
EWRT 1A,Composition and Reading,Maria Frangos
EWRT 1A,Composition and Reading,Mary Cudahy
EWRT 1A,Composition and Reading,Anna Lewis
EWRT 1A,Composition and Reading,Karen Chow
EWRT 1A,Composition and Reading,Julie Sartwell
EWRT 1A,Composition and Reading,Luis Limcolioc
EWRT 1A,Composition and Reading,Mary Diehl
EWRT 1A,Composition and Reading,Jennifer Penkethman
EWRT 1A,Composition and Reading,Ryan Dickson
EWRT 1A,Composition and Reading,Laura Orella
EWRT 1A,Composition and Reading,Diane Furlan
EWRT 1A,Composition and Reading,Todd Gutmann
EWRT 1A,Composition and Reading,Elliott Cragen
EWRT 1A,Composition and Reading,Azin Arefi Anbarani
EWRT 1A,Composition and Reading,Amy Leonard
EWRT 1A,Composition and Reading,Raymond Brennan
EWRT 1A,Composition and Reading,John Gravener
EWRT 1A,Composition and Reading,Richard Ferrie
EWRT 1A,Composition and Reading,Sarah Lisha
EWRT 1A,Composition and Reading,Ruth Trimble
EWRT 1A,Composition and Reading,Marc Coronado
EWRT 1A,Composition and Reading,Deborah Garfinkle
EWRT 1A,Composition and Reading,Charles Gray
EWRT 1A,Composition and Reading,Husne Jahan
EWRT 1A,Composition and Reading,Alex Giardino
EWRT 1A,Composition and Reading,Yeganeh Modirzadeh
EWRT 1A,Composition and Reading,Kristin Agius
EWRT 1AH,Composition and Reading - HONORS,Alex Giardino
EWRT 1B,"Reading, Writing and Research",Sarah Lisha
EWRT 1B,"Reading, Writing and Research",Julie Pesano
EWRT 1B,"Reading, Writing and Research",Rebecca Board Liljenstolpe
EWRT 1B,"Reading, Writing and Research",Lauren Gordon
EWRT 2,"Critical Reading, Writing and Thinking",Yeganeh Modirzadeh
EWRT 2,"Critical Reading, Writing and Thinking",Diana Fleming
EWRT 2,"Critical Reading, Writing and Thinking",Lauren Gordon
EWRT 2,"Critical Reading, Writing and Thinking",Dave Denny
EWRT 2,"Critical Reading, Writing and Thinking",Laura Orella
EWRT 2,"Critical Reading, Writing and Thinking",Adam Sandel
EWRT 2,"Critical Reading, Writing and Thinking",Alex Giardino
EWRT 2,"Critical Reading, Writing and Thinking",Amy Leonard
EWRT 2,"Critical Reading, Writing and Thinking",Sarah Lisha
EWRT 2,"Critical Reading, Writing and Thinking",Luis Limcolioc
EWRT 2,"Critical Reading, Writing and Thinking",Charles Gray
EWRT 2,"Critical Reading, Writing and Thinking",Husne Jahan
EWRT 2,"Critical Reading, Writing and Thinking",Marc Coronado
EWRT 2H,"Critical Reading, Writing and Thinking - HONORS",Alex Giardino
EWRT 30,Introduction to Creative Writing,Alex Giardino
EWRT 30,Introduction to Creative Writing,Jennifer Penkethman
F/TV 1,Introduction to Cinematic Arts,Christina Wright
F/TV 1,Introduction to Cinematic Arts,Kristen Anderson
F/TV 1,Introduction to Cinematic Arts,Ingrid Schulz
F/TV 2A,History of Cinema (1895-1950),Christina Wright
F/TV 2B,History of Cinema (1950-Present),Kristen Anderson
F/TV 2B,History of Cinema (1950-Present),Christina Wright
F/TV 10,Introduction to Electronic Media,Joel Abramson
F/TV 75G,History of Animation (1900-Present),Mark Hamer
FREN 1,Elementary French (First Quarter),Loubna Hafid
GEO 1,Physical Geography,Purba Fernandez
GEO 1,Physical Geography,Sohini Dutt
GEO 4,Cultural Geography,Kerry Rohrmeier
GEO 10,World Regional Geography,Sohini Dutt
GEO 10,World Regional Geography,Eileen Pena
GEOL 10,Introductory Geology,Marek Cichanski
GEOL 10,Introductory Geology,Chris Dileonardo
GEOL 20,General Oceanography,Chris Dileonardo
GERM 1,Elementary German (First Quarter),Maike Ahrends
HIST 3A,World History from Prehistory to 750 CE,Greg Knittel
HIST 3A,World History from Prehistory to 750 CE,Raeann Ramsey
HIST 3B,World History from 750 to 1750 CE,Christopher Jackson
HIST 3B,World History from 750 to 1750 CE,Rashi Jackman
HIST 3BH,World History from 750 to 1750 CE - HONORS,Christopher Jackson
HIST 3C,World History from 1750 CE to the Present,Christopher Jackson
HIST 3C,World History from 1750 CE to the Present,George Edgar
HIST 3CH,World History from 1750 CE to the Present - HONORS,Christopher Jackson
HIST 6A,History of Western Civilization: Pre-History to 750 C.E.,Ben Kline
HIST 6C,History of Western Civilization: 1750 C.E. to Present,Ben Kline
HIST 9,Women in American History,Anne Hickling
HIST 17A,History of the United States to Early National Era,Carol Cini
HIST 17A,History of the United States to Early National Era,Mylinh Pham
HIST 17A,History of the United States to Early National Era,Greg Knittel
HIST 17AH,History of the United States to Early National Era - HONORS,Mylinh Pham
HIST 17B,History of the United States from 1800 to 1900,Mylinh Pham
HIST 17B,History of the United States from 1800 to 1900,Greg Knittel
HIST 17B,History of the United States from 1800 to 1900,Hai Nguyen
HIST 17B,History of the United States from 1800 to 1900,Christopher Jackson
HIST 17BH,History of the United States from 1800 to 1900 - HONORS,Mylinh Pham
HIST 17BH,History of the United States from 1800 to 1900 - HONORS,Christopher Jackson
HIST 17C,History of the United States from 1900 to the Present,Mylinh Pham
HIST 17C,History of the United States from 1900 to the Present,Carol Cini
HIST 17C,History of the United States from 1900 to the Present,Christopher Jackson
HIST 17C,History of the United States from 1900 to the Present,David Howard-Pitney
HIST 17C,History of the United States from 1900 to the Present,Raeann Ramsey
HIST 17C,History of the United States from 1900 to the Present,Hai Nguyen
HIST 17CH,History of the United States from 1900 to the Present - HONORS,Mylinh Pham
HIST 18A,African American History to 1865,Julie Keiffer-Lewis
HLTH 21,Contemporary Health Concerns,Alison Campbell
HLTH 21,Contemporary Health Concerns,Barbara Liechty
HNDI 1,Elementary Hindi (First Quarter),Nilu Gupta
HUMA 10,Human Sexuality,Fran Jackler
HUMA 10,Human Sexuality,Pauline Wethington
HUMA 10,Human Sexuality,Kevin Glapion
HUMA 10,Human Sexuality,Herminio Hernando
HUMA 10H,Human Sexuality - HONORS,Fran Jackler
HUMA 20,Life Skills for Higher Education,Melinda Hughes
HUMA 20,Life Skills for Higher Education,"JOPLIN-LIGHTFOOTE, NATASHA"
HUMA 20,Life Skills for Higher Education,Trisha Tran
HUMA 30,Understanding and Managing Stress,Kevin Glapion
HUMA 30,Understanding and Managing Stress,Shireen Woo
HUMA 30,Understanding and Managing Stress,KD Huynh
HUMI 1,Creative Minds,Lori Clinchard
HUMI 1,Creative Minds,Wendy White
HUMI 1,Creative Minds,Gening Jin
HUMI 1,Creative Minds,Alysia Rueda
HUMI 1,Creative Minds,Andrew Wood
HUMI 1,Creative Minds,Apryl Berney
HUMI 1,Creative Minds,Barbara Hoffman
HUMI 1,Creative Minds,Raeann Ramsey
HUMI 1,Creative Minds,Elvin Ramos
HUMI 1,Creative Minds,"ACIDO, JEFFREY"
HUMI 1H,Creative Minds - HONORS,Lori Clinchard
HUMI 1H,Creative Minds - HONORS,Wendy White
HUMI 5,Storytelling in American Culture,Wendy White
HUMI 6,Popular Culture,Javier Galindo
HUMI 6,Popular Culture,Raeann Ramsey
HUMI 6,Popular Culture,Apryl Berney
HUMI 7,The Arts and the Human Spirit,Rashi Jackman
HUMI 9,Introduction to Comparative Religion,Javier Galindo
HUMI 13,Introduction to Korean Popular Culture,Young Jung
HUMI 15,Discussion on the Arts,Barbara Hoffman
HUMI 16,"Arts, Ideas and Values",Barbara Hoffman
HUMI 16,"Arts, Ideas and Values",Leslie Berry
HUMI 20,The Greek Achievement,Gening Jin
HUMI 20,The Greek Achievement,Rashi Jackman
ICS 7,Intercultural Communication,Nick Chivers
ICS 7,Intercultural Communication,Thalia Bobadilla
ICS 25,"Grassroots Democracy: Race, Politics and the American Promise",Laura Chin
ICS 27,Grassroots Democracy: Leadership and Power,Cynthia Kaufman
INTL 8,Sociology of Globalization and Social Change,Kamau Birago
INTL 22,"History of Art: Arts of Africa, Oceania and Native North America",Catie Cadge-Moore
ITAL 1,Elementary Italian (First Quarter),Diana Ferrara
JAPN 1,Elementary Japanese (First Quarter),Min-Jin Kuo
JAPN 1,Elementary Japanese (First Quarter),Yumi Mccormick
JAPN 1,Elementary Japanese (First Quarter),Renshi Xuan
JOUR 2,Media and Its Impact On Society,Newsha Naderzad
JOUR 2,Media and Its Impact On Society,Gail McElroy
KNES 1B,Beginning Swimming,Danielle Altman
KNES 1C,Intermediate Swimming,Danielle Altman
KNES 5AX,Indoor Cycling,Rusty Johnson
KNES 5AX,Indoor Cycling,Rachel Catuiza
KNES 5BX,High Intensity Indoor Cycling,Rusty Johnson
KNES 5BX,High Intensity Indoor Cycling,Rachel Catuiza
KNES 6AX,Aerobic Power Walking,Rachel Catuiza
KNES 6AX,Aerobic Power Walking,Jason Damjanovic
KNES 11AX,Cardio Kick,Rachel Catuiza
KNES 12D,Beginning Karate,Pete Rabbitt
KNES 12E,Intermediate Karate,Pete Rabbitt
KNES 12G,Self-Defense,Pete Rabbitt
KNES 15AX,Cross Training,Rachel Catuiza
KNES 15CX,Total Fitness,Rachel Catuiza
KNES 15CX,Total Fitness,Jason Damjanovic
KNES 15EX,Cardiovascular and Strength Training,Rachel Catuiza
KNES 15EX,Cardiovascular and Strength Training,Jason Damjanovic
KNES 16AX,Fit Camp,Rachel Catuiza
KNES 19EX,Body Sculpting,Rachel Catuiza
KNES 19GX,Core Conditioning,Rachel Catuiza
KNES 19GX,Core Conditioning,Danielle Altman
KNES 22AX,Hatha Yoga,Rusty Johnson
KNES 22AX,Hatha Yoga,Danielle Altman
KNES 22BX,Yoga for Relaxation,Rusty Johnson
KNES 22DX,Flow Yoga,Dawnis Guevara
KNES 22DX,Flow Yoga,Danielle Altman
KNES 22EX,Yoga/Pilates Combo,Dawnis Guevara
KNES 25AX,Stretching,Jason Damjanovic
KNES 25AX,Stretching,Rachel Catuiza
KNES 25BX,Active Isolated Stretching,Jason Damjanovic
KNES 25BX,Active Isolated Stretching,Rachel Catuiza
KNES 26AX,Basic Pilates Mat Exercise,Danielle Altman
KNES 26BX,Integrated Pilates Mat Exercise,Danielle Altman
KNES 29A,Fencing Level 1,Nick Mattis
KNES 29B,Fencing Level 2,Nick Mattis
KNES 31AX,Beginning Badminton,Rachel Catuiza
KNES 31AX,Beginning Badminton,Jason Damjanovic
KNES 31BX,Intermediate Badminton,Rachel Catuiza
KNES 31BX,Intermediate Badminton,Jason Damjanovic
KNES 31CX,Advanced Badminton,Rachel Catuiza
KNES 31CX,Advanced Badminton,Jason Damjanovic
KNES 31JX,Pickleball Level 1,Cheryl Owiesny
KNES 31KX,Pickleball Level 2,Cheryl Owiesny
KNES 36AX,Team Sport - Basketball Level 1,Jason Damjanovic
KNES 37AX,Soccer,Cheryl Owiesny
KNES 37BX,Soccer Level 2,Cheryl Owiesny
KNES 37CX,Soccer Level 3,Cheryl Owiesny
KNES 37E,Indoor Soccer,Rusty Johnson
KNES 38A,Futsal Level 1,Rusty Johnson
KNES 38B,Futsal Level 2,Rusty Johnson
KNES 38C,Futsal Level 3,Rusty Johnson
KNES 39AX,Volleyball Level 1,Dawnis Guevara
KNES 39BX,Volleyball Level 2,Dawnis Guevara
KNES 45,Introduction to Kinesiology,Cheryl Owiesny
KNES 47,Introduction to Women in Sports,Dawnis Guevara
KNES 48,Introduction to Coaching,Jason Damjanovic
KNES 48,Introduction to Coaching,Joe D'Agostino
KNES 50A,Orientation to Lifetime Fitness,Jason Damjanovic
KORE 1,Elementary Korean (First Quarter),Young Sook Kim
KORE 1,Elementary Korean (First Quarter),Soo Choi
KORE 2,Elementary Korean (Second Quarter),Young Sook Kim
LING 1,Introduction to Linguistics,Jasmina Topalovic
MAND 1,Elementary Mandarin (First Quarter),Hua-Fu Liu
MAND 3,Elementary Mandarin (Third Quarter),April Phung
MAND 4,Intermediate Mandarin (First Quarter),Hua-Fu Liu
MAND 51,Introduction to Translation and Interpreting,Yang Shao
MAND 53,Mandarin/English Linguistics Analysis,Diana Li
MATH 1A,Calculus,Victor Legge
MATH 1A,Calculus,James Mailhot
MATH 1A,Calculus,Zack Judson
MATH 1A,Calculus,Lisa Mesh
MATH 1A,Calculus,"NGUYEN, VINH KHA"
MATH 1A,Calculus,Loraine Moen
MATH 1A,Calculus,Doli Bambhania
MATH 1A,Calculus,Nahrin Rashid
MATH 1A,Calculus,George Krestas
MATH 1A,Calculus,Mohamad Rezvani
MATH 1A,Calculus,Charles De Vogelaere
MATH 1A,Calculus,Abdul Ghori
MATH 1A,Calculus,Millia Ison
MATH 1A,Calculus,John Jimenez
MATH 1A,Calculus,Renuka Kapur
MATH 1AH,Calculus - HONORS,James Mailhot
MATH 1AH,Calculus - HONORS,Doli Bambhania
MATH 1B,Calculus,Vinh Nguyen
MATH 1B,Calculus,Roderic Taylor
MATH 1B,Calculus,Maryam Adamzadeh
MATH 1B,Calculus,James Mailhot
MATH 1B,Calculus,Paul Du
MATH 1B,Calculus,Bijan Sadeghi-Hassanvand
MATH 1B,Calculus,Millia Ison
MATH 1B,Calculus,Salvador Guerrero
MATH 1B,Calculus,Loraine Moen
MATH 1B,Calculus,Nahrin Rashid
MATH 1BH,Calculus - HONORS,Roderic Taylor
MATH 1BH,Calculus - HONORS,James Mailhot
MATH 1BH,Calculus - HONORS,Salvador Guerrero
MATH 1C,Calculus,"NGUYEN, VINH KHA"
MATH 1C,Calculus,James Mailhot
MATH 1C,Calculus,"VISWANADHA, JYOTHSNA"
MATH 1C,Calculus,Millia Ison
MATH 1C,Calculus,Vadim Von Brzeski
MATH 1C,Calculus,Misako Van Der Poel
MATH 1C,Calculus,Ducq Nguyen
MATH 1C,Calculus,Bijan Sadeghi-Hassanvand
MATH 1CH,Calculus - HONORS,James Mailhot
MATH 1D,Calculus,Kejian Shi
MATH 1D,Calculus,Hassan Bourgoub
MATH 1D,Calculus,Mehrdad Khosravi
MATH 1D,Calculus,Roderic Taylor
MATH 1D,Calculus,Paul Du
MATH 1D,Calculus,Ducq Nguyen
MATH 1DH,Calculus - HONORS,Roderic Taylor
MATH 2A,Differential Equations,Fatemeh Yarahmadi
MATH 2A,Differential Equations,Mehrdad Khosravi
MATH 2A,Differential Equations,Hassan Bourgoub
MATH 2B,Linear Algebra,Hassan Bourgoub
MATH 2B,Linear Algebra,Misako Van Der Poel
MATH 10,Introductory Statistics,Danny Tran
MATH 10,Introductory Statistics,Richard Lopez
MATH 10,Introductory Statistics,Hassan Bourgoub
MATH 10,Introductory Statistics,"NGUYEN, VINH KHA"
MATH 10,Introductory Statistics,Rani Fischer
MATH 10,Introductory Statistics,"VISWANADHA, JYOTHSNA"
MATH 10,Introductory Statistics,"YU, ANDREW"
MATH 10,Introductory Statistics,Usha Ganeshalingam
MATH 10,Introductory Statistics,Renuka Kapur
MATH 10,Introductory Statistics,Sithparran Vanniasegaram
MATH 10,Introductory Statistics,Leah Lane
MATH 10,Introductory Statistics,Nahrin Rashid
MATH 10,Introductory Statistics,Parviz Sales
MATH 10,Introductory Statistics,Charles De Vogelaere
MATH 10,Introductory Statistics,Teck Ky
MATH 10,Introductory Statistics,"HINGTGEN, ROBERT"
MATH 10,Introductory Statistics,Misako Van Der Poel
MATH 10,Introductory Statistics,Loraine Moen
MATH 10,Introductory Statistics,Fatemeh Yarahmadi
MATH 10,Introductory Statistics,Gregory Stachnick
MATH 10,Introductory Statistics,Lisa Mesh
MATH 10,Introductory Statistics,Neelam Shukla
MATH 10,Introductory Statistics,"CHENG, ALEX"
MATH 11,Finite Mathematics,Kejian Shi
MATH 11,Finite Mathematics,Lilit Mazmanyan
MATH 12,Introductory Calculus for Business and Social Science,Kejian Shi
MATH 22,Discrete Mathematics,Roderic Taylor
MATH 22,Discrete Mathematics,Fatemeh Yarahmadi
MATH 22,Discrete Mathematics,Reza Shariatmadari
MATH 22,Discrete Mathematics,Lilit Mazmanyan
MATH 22H,Discrete Mathematics - HONORS,Roderic Taylor
MATH 31,Precalculus I,Zack Judson
MATH 31,Precalculus I,Reza Shariatmadari
MATH 31,Precalculus I,Linlin Zhang
MATH 31,Precalculus I,Sundararajan Arabhi
MATH 31,Precalculus I,Hassan Bourgoub
MATH 31,Precalculus I,Hemendra Shah
MATH 31,Precalculus I,Hung Nguyen
MATH 31,Precalculus I,Lilit Mazmanyan
MATH 31,Precalculus I,George Krestas
MATH 31,Precalculus I,"VISWANADHA, JYOTHSNA"
MATH 31,Precalculus I,Maryam Arvizu
MATH 31,Precalculus I,Mohamad Rezvani
MATH 32,Precalculus II,Rani Fischer
MATH 32,Precalculus II,Howard Rudolf
MATH 32,Precalculus II,"YU, ANDREW"
MATH 32,Precalculus II,Richard Lopez
MATH 44,"Mathematics in Art, Culture, and Society: A Liberal Arts Math Class",William Wilson
MATH 44,"Mathematics in Art, Culture, and Society: A Liberal Arts Math Class",Maryam Arvizu
MATH 46,Mathematics for Elementary Education,Reza Shariatmadari
MET 10,Weather and Climate Processes,Alicia Mullens
MET 10,Weather and Climate Processes,Bridget James
MET 10L,Meteorology Laboratory,Alicia Mullens
MET 12,Introduction to Climate Change,Alicia Mullens
MET 20L,Climate Change Laboratory,Alicia Mullens
MUSI 1A,Music Appreciation: Music in Western Cultures,John Thomsen
MUSI 1A,Music Appreciation: Music in Western Cultures,Benett Zussman
MUSI 1C,Music Appreciation: World Music in America,Benett Zussman
MUSI 1D,Music Appreciation: Rock - From Roots to Rap,Benett Zussman
NAIS 12,Ethnic Studies and the Historical Experiences of Native Americans,Meghan Kensler
NAIS 31,Ethnic Studies: Native Hawaiian and Pacific Islander Experiences,David Palaita
NUTR 10,Contemporary Nutrition,Alison Campbell
NUTR 10,Contemporary Nutrition,Georgia Acker
NUTR 10,Contemporary Nutrition,Anna Miller
PE 32B,Women's Badminton Techniques,Mark Landefeld
PE 32F,Defensive Baseball Techniques,Donald Watkins
PE 32G,Offensive Baseball Techniques,Donald Watkins
PE 32N,Track and Field Techniques,Nick Mattis
PE 32P,Techniques of Swimming,Danielle Altman
PE 39M,Intercollegiate Men's Soccer,Rusty Johnson
PE 39W,Intercollegiate Women's Soccer,Mark Landefeld
PE 40,Intercollegiate Football,Joe D'Agostino
PE 40,Intercollegiate Football,"BORKEY, CHAD"
PE 42W,Intercollegiate Women's Volleyball,Dawnis Guevara
PE 43,Intercollegiate Cross Country (Men and Women),Nick Mattis
PEA 1X,Adapted Total Fitness,"PERKINS, NATHAN"
PEA 1X,Adapted Total Fitness,"BENNETT, MARY"
PEA 1X,Adapted Total Fitness,"REGEHR, CASEY"
PEA 2X,Adapted Strength Development,"PERKINS, NATHAN"
PEA 2X,Adapted Strength Development,"LEE, CINDY"
PEA 4X,Adapted Cardiovascular Training,"PERKINS, NATHAN"
PEA 4X,Adapted Cardiovascular Training,"LEE, CINDY"
PEA 4X,Adapted Cardiovascular Training,"REGEHR, CASEY"
PEA 5X,Adapted Aquatic Exercise,"REGEHR, CASEY"
PEA 15X,Adapted Aerobic Swimming,"REGEHR, CASEY"
PHIL 1,Introduction to Philosophy,Nick Baiamonte
PHIL 1,Introduction to Philosophy,Sangeeta Mishra
PHIL 1,Introduction to Philosophy,Richard Hammerud
PHIL 1,Introduction to Philosophy,"LIN, DEENA"
PHIL 2,Social and Political Philosophy,Sangeeta Mishra
PHIL 3,Critical Thinking and Writing,Nick Baiamonte
PHIL 4,Critical Thinking,Javier Galindo
PHIL 4,Critical Thinking,"LIN, DEENA"
PHIL 4,Critical Thinking,Anthony Hanson
PHIL 8,Ethics,Nick Baiamonte
PHTG 7,Exploring Visual Expression,Hiroyo Kaneko
PHTG 7,Exploring Visual Expression,Tressa Pack
PHTG 21,Contemporary Trends in Photography,Sita Bhattacharji
PHYS 2A,General Introductory Physics,Ronald Francis
PHYS 4A,Physics for Scientists and Engineers: Mechanics,Eduardo Luna
PHYS 4A,Physics for Scientists and Engineers: Mechanics,Megan Ulbricht
PHYS 4A,Physics for Scientists and Engineers: Mechanics,Kasra Khazeni
PHYS 4A,Physics for Scientists and Engineers: Mechanics,"ALIZADEH, RAMIN"
POLI 1,American Government and Politics,Ishmael Tarikh
POLI 1,American Government and Politics,James Nguyen
POLI 1,American Government and Politics,Robert Stockwell
POLI 1,American Government and Politics,Scott Heffner
POLI 1,American Government and Politics,Albert Schendan
POLI 1,American Government and Politics,Laura Chin
POLI 1H,American Government and Politics - HONORS,Robert Stockwell
POLI 2,Comparative Politics,James Nguyen
POLI 3,International Relations,Robert Ovetz
POLI 5,Introduction to Political Thought and Theory,Robert Stockwell
POLI 15,"Grassroots Democracy: Race, Politics and the American Promise",Laura Chin
POLI 17,Grassroots Democracy: Leadership and Power,Cynthia Kaufman
POLI 17H,Grassroots Democracy: Leadership and Power - HONORS,Cynthia Kaufman
PSYC 1,General Psychology,Mark Healy
PSYC 1,General Psychology,Harvey Cohen
PSYC 1,General Psychology,Joshua Avera
PSYC 1,General Psychology,Derrick Felton
PSYC 1,General Psychology,Jeanette Tucker
PSYC 1,General Psychology,Robin Schulte
PSYC 1,General Psychology,James Clifford Jr
PSYC 1,General Psychology,Taiki Kondo
PSYC 1,General Psychology,Susan Thomas
PSYC 1,General Psychology,Sandra Trafalis
PSYC 1,General Psychology,Hy Diep
PSYC 1,General Psychology,Chris Olsen
PSYC 1,General Psychology,Latosha Baldwin
PSYC 2,Research Methods in Psychology,Susan Thomas
PSYC 2,Research Methods in Psychology,Taiki Kondo
PSYC 3,An Introduction to Cognitive Psychology,James Clifford Jr
PSYC 4,Abnormal Psychology,Daniel Bunce
PSYC 4,Abnormal Psychology,Sandra Trafalis
PSYC 4,Abnormal Psychology,Latosha Baldwin
PSYC 5,Introduction to Theories of Personality,Daniel Bunce
PSYC 8,Introduction to Social Psychology,Harvey Cohen
PSYC 8,Introduction to Social Psychology,Jeanette Tucker
PSYC 8,Introduction to Social Psychology,Robin Schulte
PSYC 10G,Child Development (The Early Years),Jayanti Roy
PSYC 10G,Child Development (The Early Years),"SUN, LI WEI"
PSYC 10G,Child Development (The Early Years),Shelley Gonzales
PSYC 10G,Child Development (The Early Years),Cristina Leal
PSYC 10H,Child Growth and Development (Middle Childhood and Adolescence),Jila Maleksalehi
PSYC 10H,Child Growth and Development (Middle Childhood and Adolescence),Julie Kennedy
PSYC 12,Psychology of Gender,Sandra Trafalis
PSYC 14,Developmental Aspects of Psychology,Melissa Tamas
PSYC 14,Developmental Aspects of Psychology,Susan Thomas
PSYC 15,Statistics and Research Methods in Social Science,Mark Healy
PSYC 15,Statistics and Research Methods in Social Science,Chris Olsen
PSYC 24,Introduction to Psychobiology,James Clifford Jr
RUSS 1,Elementary Russian (First Quarter),Larissa Chiriaeva
SIGN 1,Elementary American Sign Language (First Quarter),David Rawson
SOC 1,Introduction to Sociology,Steve Nava
SOC 1,Introduction to Sociology,Jovanah Arrington
SOC 1,Introduction to Sociology,Kamau Birago
SOC 1,Introduction to Sociology,Mark Pasion
SOC 1,Introduction to Sociology,Jason Dehaan
SOC 5,Sociology of Globalization and Social Change,Kamau Birago
SOC 15,Statistics and Research Methods in Social Science,Mark Healy
SOC 15,Statistics and Research Methods in Social Science,Chris Olsen
SOC 28,Sociology of Gender,Jason Dehaan
SOC 29,Sociology of Structural Racism in the United States,Tracy Dehaan
SOC 35,"Marriage, Family, and Intimate Relationships",Tracy Dehaan
SPAN 1,Elementary Spanish (First Quarter),Carmen Lizardi-Folley
SPAN 1,Elementary Spanish (First Quarter),Viviana Alcazar
SPAN 2,Elementary Spanish (Second Quarter),Carmen Lizardi-Folley
SPAN 3,Elementary Spanish (Third Quarter),Viviana Alcazar
THEA 1,Appreciation of Theatre,Vernon Gallegos
VIET 1,Elementary Vietnamese (First Quarter),Bac Tran
WMST 1,Introduction to Women's Studies,Marc Coronado
WMST 3C,Women and Art,Natasha Kleit
WMST 8,Women of Color in the USA,Marc Coronado
WMST 9,Women in American History,Anne Hickling
WMST 12,Psychology of Gender,Sandra Trafalis
WMST 21,Women in Literature,Francesca Caparas
WMST 24,Women and Gender in Global Perspectives,Marc Coronado
WMST 28,Sociology of Gender,Jason Dehaan
